org.omp4j.benchmark.FibJOMP;1;1000;dynamic;1.002293
org.omp4j.benchmark.FibJOMP;2;1000;dynamic;2.003013
org.omp4j.benchmark.FibJOMP;3;1000;dynamic;2.907634
org.omp4j.benchmark.FibJOMP;4;1000;dynamic;4.045793
org.omp4j.benchmark.FibJOMP;5;1000;dynamic;4.888752
org.omp4j.benchmark.FibJOMP;6;1000;dynamic;5.812582
org.omp4j.benchmark.FibJOMP;7;1000;dynamic;6.871724
org.omp4j.benchmark.FibJOMP;8;1000;dynamic;7.288774
org.omp4j.benchmark.FibJOMP;9;1000;dynamic;8.762870
org.omp4j.benchmark.FibJOMP;10;1000;dynamic;9.511007
org.omp4j.benchmark.FibJOMP;11;1000;dynamic;10.567740
org.omp4j.benchmark.FibJOMP;12;1000;dynamic;11.095306
org.omp4j.benchmark.FibJOMP;13;1000;dynamic;12.136630
org.omp4j.benchmark.FibJOMP;14;1000;dynamic;12.956117
org.omp4j.benchmark.FibJOMP;15;1000;dynamic;13.613532
org.omp4j.benchmark.FibJOMP;16;1000;dynamic;14.667061
org.omp4j.benchmark.FibJOMP;17;1000;dynamic;15.322595
org.omp4j.benchmark.FibJOMP;18;1000;dynamic;15.999703
org.omp4j.benchmark.FibJOMP;19;1000;dynamic;16.621774
org.omp4j.benchmark.FibJOMP;20;1000;dynamic;16.579407
org.omp4j.benchmark.FibJOMP;21;1000;dynamic;18.021848
org.omp4j.benchmark.FibJOMP;22;1000;dynamic;18.612960
org.omp4j.benchmark.FibJOMP;23;1000;dynamic;19.283775
org.omp4j.benchmark.FibJOMP;24;1000;dynamic;19.122780
org.omp4j.benchmark.FibJOMP;25;1000;dynamic;19.345047
org.omp4j.benchmark.FibJOMP;26;1000;dynamic;19.852079
org.omp4j.benchmark.FibJOMP;27;1000;dynamic;19.362073
org.omp4j.benchmark.FibJOMP;28;1000;dynamic;18.911286
org.omp4j.benchmark.FibJOMP;29;1000;dynamic;18.937618
org.omp4j.benchmark.FibJOMP;30;1000;dynamic;18.193844
org.omp4j.benchmark.FibJOMP;31;1000;dynamic;18.753457
org.omp4j.benchmark.FibJOMP;32;1000;dynamic;18.996417
org.omp4j.benchmark.FibJOMP;33;1000;dynamic;19.250948
org.omp4j.benchmark.FibJOMP;34;1000;dynamic;19.043320
org.omp4j.benchmark.FibJOMP;35;1000;dynamic;18.481567
org.omp4j.benchmark.FibJOMP;36;1000;dynamic;18.276023
org.omp4j.benchmark.FibJOMP;37;1000;dynamic;18.803939
org.omp4j.benchmark.FibJOMP;38;1000;dynamic;18.366753
org.omp4j.benchmark.FibJOMP;39;1000;dynamic;19.143928
org.omp4j.benchmark.FibJOMP;40;1000;dynamic;19.459988
org.omp4j.benchmark.FibJOMP;41;1000;dynamic;18.699513
org.omp4j.benchmark.FibJOMP;42;1000;dynamic;17.875127
org.omp4j.benchmark.FibJOMP;43;1000;dynamic;17.631457
org.omp4j.benchmark.FibJOMP;44;1000;dynamic;18.363063
org.omp4j.benchmark.FibJOMP;45;1000;dynamic;18.630234
org.omp4j.benchmark.FibJOMP;46;1000;dynamic;18.846896
org.omp4j.benchmark.FibJOMP;47;1000;dynamic;18.152628
org.omp4j.benchmark.FibJOMP;48;1000;dynamic;17.773025
org.omp4j.benchmark.FibJOMP;1;20000;dynamic;1.001201
org.omp4j.benchmark.FibJOMP;2;20000;dynamic;2.059916
org.omp4j.benchmark.FibJOMP;3;20000;dynamic;2.777871
org.omp4j.benchmark.FibJOMP;4;20000;dynamic;3.985877
org.omp4j.benchmark.FibJOMP;5;20000;dynamic;4.916374
org.omp4j.benchmark.FibJOMP;6;20000;dynamic;6.064303
org.omp4j.benchmark.FibJOMP;7;20000;dynamic;6.993252
org.omp4j.benchmark.FibJOMP;8;20000;dynamic;7.773402
org.omp4j.benchmark.FibJOMP;9;20000;dynamic;9.046036
org.omp4j.benchmark.FibJOMP;10;20000;dynamic;9.589934
org.omp4j.benchmark.FibJOMP;11;20000;dynamic;10.714944
org.omp4j.benchmark.FibJOMP;12;20000;dynamic;11.820120
org.omp4j.benchmark.FibJOMP;13;20000;dynamic;11.854777
org.omp4j.benchmark.FibJOMP;14;20000;dynamic;12.774211
org.omp4j.benchmark.FibJOMP;15;20000;dynamic;14.842916
org.omp4j.benchmark.FibJOMP;16;20000;dynamic;15.734851
org.omp4j.benchmark.FibJOMP;17;20000;dynamic;16.757621
org.omp4j.benchmark.FibJOMP;18;20000;dynamic;18.107917
org.omp4j.benchmark.FibJOMP;19;20000;dynamic;18.674205
org.omp4j.benchmark.FibJOMP;20;20000;dynamic;18.994997
org.omp4j.benchmark.FibJOMP;21;20000;dynamic;20.806643
org.omp4j.benchmark.FibJOMP;22;20000;dynamic;21.452138
org.omp4j.benchmark.FibJOMP;23;20000;dynamic;21.570995
org.omp4j.benchmark.FibJOMP;24;20000;dynamic;22.024049
org.omp4j.benchmark.FibJOMP;25;20000;dynamic;21.478061
org.omp4j.benchmark.FibJOMP;26;20000;dynamic;22.373520
org.omp4j.benchmark.FibJOMP;27;20000;dynamic;22.091711
org.omp4j.benchmark.FibJOMP;28;20000;dynamic;23.675463
org.omp4j.benchmark.FibJOMP;29;20000;dynamic;22.902993
org.omp4j.benchmark.FibJOMP;30;20000;dynamic;23.743332
org.omp4j.benchmark.FibJOMP;31;20000;dynamic;24.061068
org.omp4j.benchmark.FibJOMP;32;20000;dynamic;26.632956
org.omp4j.benchmark.FibJOMP;33;20000;dynamic;23.336030
org.omp4j.benchmark.FibJOMP;34;20000;dynamic;23.851115
org.omp4j.benchmark.FibJOMP;35;20000;dynamic;24.070647
org.omp4j.benchmark.FibJOMP;36;20000;dynamic;24.702217
org.omp4j.benchmark.FibJOMP;37;20000;dynamic;24.807155
org.omp4j.benchmark.FibJOMP;38;20000;dynamic;24.805011
org.omp4j.benchmark.FibJOMP;39;20000;dynamic;24.811460
org.omp4j.benchmark.FibJOMP;40;20000;dynamic;24.398914
org.omp4j.benchmark.FibJOMP;41;20000;dynamic;25.246121
org.omp4j.benchmark.FibJOMP;42;20000;dynamic;25.329504
org.omp4j.benchmark.FibJOMP;43;20000;dynamic;24.698022
org.omp4j.benchmark.FibJOMP;44;20000;dynamic;25.682575
org.omp4j.benchmark.FibJOMP;45;20000;dynamic;25.744277
org.omp4j.benchmark.FibJOMP;46;20000;dynamic;25.913738
org.omp4j.benchmark.FibJOMP;47;20000;dynamic;26.033710
org.omp4j.benchmark.FibJOMP;48;20000;dynamic;25.553239
org.omp4j.benchmark.FibJOMP;1;1000;dynamic;0.995830
org.omp4j.benchmark.FibJOMP;2;1000;dynamic;2.056618
org.omp4j.benchmark.FibJOMP;3;1000;dynamic;2.832886
org.omp4j.benchmark.FibJOMP;4;1000;dynamic;3.989527
org.omp4j.benchmark.FibJOMP;5;1000;dynamic;4.866470
org.omp4j.benchmark.FibJOMP;6;1000;dynamic;5.867126
org.omp4j.benchmark.FibJOMP;7;1000;dynamic;6.768690
org.omp4j.benchmark.FibJOMP;8;1000;dynamic;7.807829
org.omp4j.benchmark.FibJOMP;9;1000;dynamic;8.355595
org.omp4j.benchmark.FibJOMP;10;1000;dynamic;9.642864
org.omp4j.benchmark.FibJOMP;11;1000;dynamic;10.310064
org.omp4j.benchmark.FibJOMP;12;1000;dynamic;11.113411
org.omp4j.benchmark.FibJOMP;13;1000;dynamic;11.935693
org.omp4j.benchmark.FibJOMP;14;1000;dynamic;11.859053
org.omp4j.benchmark.FibJOMP;15;1000;dynamic;13.963662
org.omp4j.benchmark.FibJOMP;16;1000;dynamic;14.303641
org.omp4j.benchmark.FibJOMP;17;1000;dynamic;14.938544
org.omp4j.benchmark.FibJOMP;18;1000;dynamic;15.857145
org.omp4j.benchmark.FibJOMP;19;1000;dynamic;17.042975
org.omp4j.benchmark.FibJOMP;20;1000;dynamic;17.061648
org.omp4j.benchmark.FibJOMP;21;1000;dynamic;18.338430
org.omp4j.benchmark.FibJOMP;22;1000;dynamic;18.592189
org.omp4j.benchmark.FibJOMP;23;1000;dynamic;17.938751
org.omp4j.benchmark.FibJOMP;24;1000;dynamic;19.302888
org.omp4j.benchmark.FibJOMP;25;1000;dynamic;19.726392
org.omp4j.benchmark.FibJOMP;26;1000;dynamic;19.421738
org.omp4j.benchmark.FibJOMP;27;1000;dynamic;19.797175
org.omp4j.benchmark.FibJOMP;28;1000;dynamic;18.966732
org.omp4j.benchmark.FibJOMP;29;1000;dynamic;19.477319
org.omp4j.benchmark.FibJOMP;30;1000;dynamic;18.451630
org.omp4j.benchmark.FibJOMP;31;1000;dynamic;19.029538
org.omp4j.benchmark.FibJOMP;32;1000;dynamic;20.024978
org.omp4j.benchmark.FibJOMP;33;1000;dynamic;18.325880
org.omp4j.benchmark.FibJOMP;34;1000;dynamic;19.060242
org.omp4j.benchmark.FibJOMP;35;1000;dynamic;19.118989
org.omp4j.benchmark.FibJOMP;36;1000;dynamic;18.896925
org.omp4j.benchmark.FibJOMP;37;1000;dynamic;18.622921
org.omp4j.benchmark.FibJOMP;38;1000;dynamic;18.817254
org.omp4j.benchmark.FibJOMP;39;1000;dynamic;18.235343
org.omp4j.benchmark.FibJOMP;40;1000;dynamic;18.307098
org.omp4j.benchmark.FibJOMP;41;1000;dynamic;19.061401
org.omp4j.benchmark.FibJOMP;42;1000;dynamic;18.110868
org.omp4j.benchmark.FibJOMP;43;1000;dynamic;18.060437
org.omp4j.benchmark.FibJOMP;44;1000;dynamic;18.295385
org.omp4j.benchmark.FibJOMP;45;1000;dynamic;18.742006
org.omp4j.benchmark.FibJOMP;46;1000;dynamic;18.903552
org.omp4j.benchmark.FibJOMP;47;1000;dynamic;18.011794
org.omp4j.benchmark.FibJOMP;48;1000;dynamic;16.950640
org.omp4j.benchmark.FibJOMP;1;20000;dynamic;1.014112
org.omp4j.benchmark.FibJOMP;2;20000;dynamic;2.033354
org.omp4j.benchmark.FibJOMP;3;20000;dynamic;2.827384
org.omp4j.benchmark.FibJOMP;4;20000;dynamic;3.949749
org.omp4j.benchmark.FibJOMP;5;20000;dynamic;4.177039
org.omp4j.benchmark.FibJOMP;6;20000;dynamic;5.071990
org.omp4j.benchmark.FibJOMP;7;20000;dynamic;6.785243
org.omp4j.benchmark.FibJOMP;8;20000;dynamic;8.005375
org.omp4j.benchmark.FibJOMP;9;20000;dynamic;8.878352
org.omp4j.benchmark.FibJOMP;10;20000;dynamic;9.967399
org.omp4j.benchmark.FibJOMP;11;20000;dynamic;10.500920
org.omp4j.benchmark.FibJOMP;12;20000;dynamic;11.552252
org.omp4j.benchmark.FibJOMP;13;20000;dynamic;13.043216
org.omp4j.benchmark.FibJOMP;14;20000;dynamic;13.457254
org.omp4j.benchmark.FibJOMP;15;20000;dynamic;14.794190
org.omp4j.benchmark.FibJOMP;16;20000;dynamic;15.810957
org.omp4j.benchmark.FibJOMP;17;20000;dynamic;16.739444
org.omp4j.benchmark.FibJOMP;18;20000;dynamic;18.133168
org.omp4j.benchmark.FibJOMP;19;20000;dynamic;18.622355
org.omp4j.benchmark.FibJOMP;20;20000;dynamic;18.955690
org.omp4j.benchmark.FibJOMP;21;20000;dynamic;20.677301
org.omp4j.benchmark.FibJOMP;22;20000;dynamic;23.262844
org.omp4j.benchmark.FibJOMP;23;20000;dynamic;21.585393
org.omp4j.benchmark.FibJOMP;24;20000;dynamic;23.089364
org.omp4j.benchmark.FibJOMP;25;20000;dynamic;23.648822
org.omp4j.benchmark.FibJOMP;26;20000;dynamic;23.585099
org.omp4j.benchmark.FibJOMP;27;20000;dynamic;23.000399
org.omp4j.benchmark.FibJOMP;28;20000;dynamic;22.555851
org.omp4j.benchmark.FibJOMP;29;20000;dynamic;23.346340
org.omp4j.benchmark.FibJOMP;30;20000;dynamic;23.195665
org.omp4j.benchmark.FibJOMP;31;20000;dynamic;23.193488
org.omp4j.benchmark.FibJOMP;32;20000;dynamic;23.637626
org.omp4j.benchmark.FibJOMP;33;20000;dynamic;24.150631
org.omp4j.benchmark.FibJOMP;34;20000;dynamic;23.374329
org.omp4j.benchmark.FibJOMP;35;20000;dynamic;24.491921
org.omp4j.benchmark.FibJOMP;36;20000;dynamic;24.059547
org.omp4j.benchmark.FibJOMP;37;20000;dynamic;23.677121
org.omp4j.benchmark.FibJOMP;38;20000;dynamic;24.456688
org.omp4j.benchmark.FibJOMP;39;20000;dynamic;25.051985
org.omp4j.benchmark.FibJOMP;40;20000;dynamic;25.087699
org.omp4j.benchmark.FibJOMP;41;20000;dynamic;25.166354
org.omp4j.benchmark.FibJOMP;42;20000;dynamic;25.002687
org.omp4j.benchmark.FibJOMP;43;20000;dynamic;25.498878
org.omp4j.benchmark.FibJOMP;44;20000;dynamic;25.639943
org.omp4j.benchmark.FibJOMP;45;20000;dynamic;24.571438
org.omp4j.benchmark.FibJOMP;46;20000;dynamic;25.321270
org.omp4j.benchmark.FibJOMP;47;20000;dynamic;26.004819
org.omp4j.benchmark.FibJOMP;48;20000;dynamic;25.988802
org.omp4j.benchmark.FibJOMP;1;1000;dynamic;1.001536
org.omp4j.benchmark.FibJOMP;2;1000;dynamic;2.058436
org.omp4j.benchmark.FibJOMP;3;1000;dynamic;2.965557
org.omp4j.benchmark.FibJOMP;4;1000;dynamic;3.961847
org.omp4j.benchmark.FibJOMP;5;1000;dynamic;5.001714
org.omp4j.benchmark.FibJOMP;6;1000;dynamic;5.889066
org.omp4j.benchmark.FibJOMP;7;1000;dynamic;6.900820
org.omp4j.benchmark.FibJOMP;8;1000;dynamic;7.733368
org.omp4j.benchmark.FibJOMP;9;1000;dynamic;8.659418
org.omp4j.benchmark.FibJOMP;10;1000;dynamic;9.479965
org.omp4j.benchmark.FibJOMP;11;1000;dynamic;10.614293
org.omp4j.benchmark.FibJOMP;12;1000;dynamic;11.175615
org.omp4j.benchmark.FibJOMP;13;1000;dynamic;12.148944
org.omp4j.benchmark.FibJOMP;14;1000;dynamic;12.819241
org.omp4j.benchmark.FibJOMP;15;1000;dynamic;12.618781
org.omp4j.benchmark.FibJOMP;16;1000;dynamic;14.355470
org.omp4j.benchmark.FibJOMP;17;1000;dynamic;15.082070
org.omp4j.benchmark.FibJOMP;18;1000;dynamic;16.129767
org.omp4j.benchmark.FibJOMP;19;1000;dynamic;15.981791
org.omp4j.benchmark.FibJOMP;20;1000;dynamic;17.182308
org.omp4j.benchmark.FibJOMP;21;1000;dynamic;17.664566
org.omp4j.benchmark.FibJOMP;22;1000;dynamic;18.944399
org.omp4j.benchmark.FibJOMP;23;1000;dynamic;19.210292
org.omp4j.benchmark.FibJOMP;24;1000;dynamic;19.130736
org.omp4j.benchmark.FibJOMP;25;1000;dynamic;19.115851
org.omp4j.benchmark.FibJOMP;26;1000;dynamic;19.288248
org.omp4j.benchmark.FibJOMP;27;1000;dynamic;18.691842
org.omp4j.benchmark.FibJOMP;28;1000;dynamic;18.456819
org.omp4j.benchmark.FibJOMP;29;1000;dynamic;19.779856
org.omp4j.benchmark.FibJOMP;30;1000;dynamic;18.646226
org.omp4j.benchmark.FibJOMP;31;1000;dynamic;18.849593
org.omp4j.benchmark.FibJOMP;32;1000;dynamic;18.872129
org.omp4j.benchmark.FibJOMP;33;1000;dynamic;19.181997
org.omp4j.benchmark.FibJOMP;34;1000;dynamic;17.955842
org.omp4j.benchmark.FibJOMP;35;1000;dynamic;18.939212
org.omp4j.benchmark.FibJOMP;36;1000;dynamic;17.794342
org.omp4j.benchmark.FibJOMP;37;1000;dynamic;18.913738
org.omp4j.benchmark.FibJOMP;38;1000;dynamic;17.965288
org.omp4j.benchmark.FibJOMP;39;1000;dynamic;18.685003
org.omp4j.benchmark.FibJOMP;40;1000;dynamic;18.862380
org.omp4j.benchmark.FibJOMP;41;1000;dynamic;18.078472
org.omp4j.benchmark.FibJOMP;42;1000;dynamic;19.011731
org.omp4j.benchmark.FibJOMP;43;1000;dynamic;18.844979
org.omp4j.benchmark.FibJOMP;44;1000;dynamic;18.772813
org.omp4j.benchmark.FibJOMP;45;1000;dynamic;18.217183
org.omp4j.benchmark.FibJOMP;46;1000;dynamic;17.856626
org.omp4j.benchmark.FibJOMP;47;1000;dynamic;17.703760
org.omp4j.benchmark.FibJOMP;48;1000;dynamic;16.267452
org.omp4j.benchmark.FibJOMP;1;20000;dynamic;1.043779
org.omp4j.benchmark.FibJOMP;2;20000;dynamic;1.997613
org.omp4j.benchmark.FibJOMP;3;20000;dynamic;2.999954
org.omp4j.benchmark.FibJOMP;4;20000;dynamic;3.871321
org.omp4j.benchmark.FibJOMP;5;20000;dynamic;5.062222
org.omp4j.benchmark.FibJOMP;6;20000;dynamic;5.945412
org.omp4j.benchmark.FibJOMP;7;20000;dynamic;6.969578
org.omp4j.benchmark.FibJOMP;8;20000;dynamic;8.116962
org.omp4j.benchmark.FibJOMP;9;20000;dynamic;9.048285
org.omp4j.benchmark.FibJOMP;10;20000;dynamic;9.151575
org.omp4j.benchmark.FibJOMP;11;20000;dynamic;11.083715
org.omp4j.benchmark.FibJOMP;12;20000;dynamic;12.144006
org.omp4j.benchmark.FibJOMP;13;20000;dynamic;12.303480
org.omp4j.benchmark.FibJOMP;14;20000;dynamic;14.226984
org.omp4j.benchmark.FibJOMP;15;20000;dynamic;14.588562
org.omp4j.benchmark.FibJOMP;16;20000;dynamic;15.915380
org.omp4j.benchmark.FibJOMP;17;20000;dynamic;16.766040
org.omp4j.benchmark.FibJOMP;18;20000;dynamic;17.457324
org.omp4j.benchmark.FibJOMP;19;20000;dynamic;19.076522
org.omp4j.benchmark.FibJOMP;20;20000;dynamic;18.815239
org.omp4j.benchmark.FibJOMP;21;20000;dynamic;19.280396
org.omp4j.benchmark.FibJOMP;22;20000;dynamic;21.284298
org.omp4j.benchmark.FibJOMP;23;20000;dynamic;22.509532
org.omp4j.benchmark.FibJOMP;24;20000;dynamic;23.105316
org.omp4j.benchmark.FibJOMP;25;20000;dynamic;23.290952
org.omp4j.benchmark.FibJOMP;26;20000;dynamic;23.398584
org.omp4j.benchmark.FibJOMP;27;20000;dynamic;23.290776
org.omp4j.benchmark.FibJOMP;28;20000;dynamic;23.974653
org.omp4j.benchmark.FibJOMP;29;20000;dynamic;24.088809
org.omp4j.benchmark.FibJOMP;30;20000;dynamic;23.949612
org.omp4j.benchmark.FibJOMP;31;20000;dynamic;23.916060
org.omp4j.benchmark.FibJOMP;32;20000;dynamic;23.899083
org.omp4j.benchmark.FibJOMP;33;20000;dynamic;23.708529
org.omp4j.benchmark.FibJOMP;34;20000;dynamic;23.985579
org.omp4j.benchmark.FibJOMP;35;20000;dynamic;24.463051
org.omp4j.benchmark.FibJOMP;36;20000;dynamic;24.537958
org.omp4j.benchmark.FibJOMP;37;20000;dynamic;24.693446
org.omp4j.benchmark.FibJOMP;38;20000;dynamic;24.936938
org.omp4j.benchmark.FibJOMP;39;20000;dynamic;25.201151
org.omp4j.benchmark.FibJOMP;40;20000;dynamic;25.258359
org.omp4j.benchmark.FibJOMP;41;20000;dynamic;25.444902
org.omp4j.benchmark.FibJOMP;42;20000;dynamic;24.785754
org.omp4j.benchmark.FibJOMP;43;20000;dynamic;24.862077
org.omp4j.benchmark.FibJOMP;44;20000;dynamic;25.077797
org.omp4j.benchmark.FibJOMP;45;20000;dynamic;25.132509
org.omp4j.benchmark.FibJOMP;46;20000;dynamic;27.949824
org.omp4j.benchmark.FibJOMP;47;20000;dynamic;25.460553
org.omp4j.benchmark.FibJOMP;48;20000;dynamic;25.398817
org.omp4j.benchmark.FibJOMP;1;1000;dynamic;1.003260
org.omp4j.benchmark.FibJOMP;2;1000;dynamic;2.026881
org.omp4j.benchmark.FibJOMP;3;1000;dynamic;2.970012
org.omp4j.benchmark.FibJOMP;4;1000;dynamic;3.930641
org.omp4j.benchmark.FibJOMP;5;1000;dynamic;4.904204
org.omp4j.benchmark.FibJOMP;6;1000;dynamic;5.908337
org.omp4j.benchmark.FibJOMP;7;1000;dynamic;6.983225
org.omp4j.benchmark.FibJOMP;8;1000;dynamic;7.842504
org.omp4j.benchmark.FibJOMP;9;1000;dynamic;8.589488
org.omp4j.benchmark.FibJOMP;10;1000;dynamic;9.719749
org.omp4j.benchmark.FibJOMP;11;1000;dynamic;10.422526
org.omp4j.benchmark.FibJOMP;12;1000;dynamic;11.433163
org.omp4j.benchmark.FibJOMP;13;1000;dynamic;11.809478
org.omp4j.benchmark.FibJOMP;14;1000;dynamic;12.900920
org.omp4j.benchmark.FibJOMP;15;1000;dynamic;13.383010
org.omp4j.benchmark.FibJOMP;16;1000;dynamic;14.601614
org.omp4j.benchmark.FibJOMP;17;1000;dynamic;15.407602
org.omp4j.benchmark.FibJOMP;18;1000;dynamic;16.012977
org.omp4j.benchmark.FibJOMP;19;1000;dynamic;16.145293
org.omp4j.benchmark.FibJOMP;20;1000;dynamic;16.888164
org.omp4j.benchmark.FibJOMP;21;1000;dynamic;18.393162
org.omp4j.benchmark.FibJOMP;22;1000;dynamic;17.443006
org.omp4j.benchmark.FibJOMP;23;1000;dynamic;18.558477
org.omp4j.benchmark.FibJOMP;24;1000;dynamic;18.597239
org.omp4j.benchmark.FibJOMP;25;1000;dynamic;19.279425
org.omp4j.benchmark.FibJOMP;26;1000;dynamic;18.829273
org.omp4j.benchmark.FibJOMP;27;1000;dynamic;19.776800
org.omp4j.benchmark.FibJOMP;28;1000;dynamic;19.459472
org.omp4j.benchmark.FibJOMP;29;1000;dynamic;19.147283
org.omp4j.benchmark.FibJOMP;30;1000;dynamic;19.424021
org.omp4j.benchmark.FibJOMP;31;1000;dynamic;19.575050
org.omp4j.benchmark.FibJOMP;32;1000;dynamic;18.783776
org.omp4j.benchmark.FibJOMP;33;1000;dynamic;19.614819
org.omp4j.benchmark.FibJOMP;34;1000;dynamic;19.171504
org.omp4j.benchmark.FibJOMP;35;1000;dynamic;19.050389
org.omp4j.benchmark.FibJOMP;36;1000;dynamic;19.179337
org.omp4j.benchmark.FibJOMP;37;1000;dynamic;19.299225
org.omp4j.benchmark.FibJOMP;38;1000;dynamic;18.692533
org.omp4j.benchmark.FibJOMP;39;1000;dynamic;19.212723
org.omp4j.benchmark.FibJOMP;40;1000;dynamic;19.011852
org.omp4j.benchmark.FibJOMP;41;1000;dynamic;19.210605
org.omp4j.benchmark.FibJOMP;42;1000;dynamic;18.574546
org.omp4j.benchmark.FibJOMP;43;1000;dynamic;19.196893
org.omp4j.benchmark.FibJOMP;44;1000;dynamic;19.279904
org.omp4j.benchmark.FibJOMP;45;1000;dynamic;18.594866
org.omp4j.benchmark.FibJOMP;46;1000;dynamic;18.611169
org.omp4j.benchmark.FibJOMP;47;1000;dynamic;17.945267
org.omp4j.benchmark.FibJOMP;48;1000;dynamic;17.366243
org.omp4j.benchmark.FibJOMP;1;20000;dynamic;1.043037
org.omp4j.benchmark.FibJOMP;2;20000;dynamic;1.923788
org.omp4j.benchmark.FibJOMP;3;20000;dynamic;2.660239
org.omp4j.benchmark.FibJOMP;4;20000;dynamic;4.003973
org.omp4j.benchmark.FibJOMP;5;20000;dynamic;4.877374
org.omp4j.benchmark.FibJOMP;6;20000;dynamic;5.953225
org.omp4j.benchmark.FibJOMP;7;20000;dynamic;7.114945
org.omp4j.benchmark.FibJOMP;8;20000;dynamic;7.938296
org.omp4j.benchmark.FibJOMP;9;20000;dynamic;8.857172
org.omp4j.benchmark.FibJOMP;10;20000;dynamic;11.498047
org.omp4j.benchmark.FibJOMP;11;20000;dynamic;10.906074
org.omp4j.benchmark.FibJOMP;12;20000;dynamic;11.698674
org.omp4j.benchmark.FibJOMP;13;20000;dynamic;12.413647
org.omp4j.benchmark.FibJOMP;14;20000;dynamic;13.635544
org.omp4j.benchmark.FibJOMP;15;20000;dynamic;15.295819
org.omp4j.benchmark.FibJOMP;16;20000;dynamic;16.319086
org.omp4j.benchmark.FibJOMP;17;20000;dynamic;17.173336
org.omp4j.benchmark.FibJOMP;18;20000;dynamic;17.093629
org.omp4j.benchmark.FibJOMP;19;20000;dynamic;18.161358
org.omp4j.benchmark.FibJOMP;20;20000;dynamic;19.930838
org.omp4j.benchmark.FibJOMP;21;20000;dynamic;20.318618
org.omp4j.benchmark.FibJOMP;22;20000;dynamic;21.629283
org.omp4j.benchmark.FibJOMP;23;20000;dynamic;21.994694
org.omp4j.benchmark.FibJOMP;24;20000;dynamic;22.250232
org.omp4j.benchmark.FibJOMP;25;20000;dynamic;22.787385
org.omp4j.benchmark.FibJOMP;26;20000;dynamic;22.958305
org.omp4j.benchmark.FibJOMP;27;20000;dynamic;23.357531
org.omp4j.benchmark.FibJOMP;28;20000;dynamic;23.742064
org.omp4j.benchmark.FibJOMP;29;20000;dynamic;23.202331
org.omp4j.benchmark.FibJOMP;30;20000;dynamic;23.600894
org.omp4j.benchmark.FibJOMP;31;20000;dynamic;24.080194
org.omp4j.benchmark.FibJOMP;32;20000;dynamic;24.178311
org.omp4j.benchmark.FibJOMP;33;20000;dynamic;24.281923
org.omp4j.benchmark.FibJOMP;34;20000;dynamic;23.821024
org.omp4j.benchmark.FibJOMP;35;20000;dynamic;23.971295
org.omp4j.benchmark.FibJOMP;36;20000;dynamic;23.948135
org.omp4j.benchmark.FibJOMP;37;20000;dynamic;24.479942
org.omp4j.benchmark.FibJOMP;38;20000;dynamic;24.831664
org.omp4j.benchmark.FibJOMP;39;20000;dynamic;24.979638
org.omp4j.benchmark.FibJOMP;40;20000;dynamic;25.204211
org.omp4j.benchmark.FibJOMP;41;20000;dynamic;23.626184
org.omp4j.benchmark.FibJOMP;42;20000;dynamic;25.091297
org.omp4j.benchmark.FibJOMP;43;20000;dynamic;25.544293
org.omp4j.benchmark.FibJOMP;44;20000;dynamic;25.734156
org.omp4j.benchmark.FibJOMP;45;20000;dynamic;25.818132
org.omp4j.benchmark.FibJOMP;46;20000;dynamic;24.968750
org.omp4j.benchmark.FibJOMP;47;20000;dynamic;25.811803
org.omp4j.benchmark.FibJOMP;48;20000;dynamic;24.337577
org.omp4j.benchmark.FibJOMP;1;1000;dynamic;1.002277
org.omp4j.benchmark.FibJOMP;2;1000;dynamic;2.047763
org.omp4j.benchmark.FibJOMP;3;1000;dynamic;2.964003
org.omp4j.benchmark.FibJOMP;4;1000;dynamic;3.993699
org.omp4j.benchmark.FibJOMP;5;1000;dynamic;4.893851
org.omp4j.benchmark.FibJOMP;6;1000;dynamic;5.580794
org.omp4j.benchmark.FibJOMP;7;1000;dynamic;6.778410
org.omp4j.benchmark.FibJOMP;8;1000;dynamic;7.525336
org.omp4j.benchmark.FibJOMP;9;1000;dynamic;8.316603
org.omp4j.benchmark.FibJOMP;10;1000;dynamic;9.648276
org.omp4j.benchmark.FibJOMP;11;1000;dynamic;10.351925
org.omp4j.benchmark.FibJOMP;12;1000;dynamic;11.124563
org.omp4j.benchmark.FibJOMP;13;1000;dynamic;12.008284
org.omp4j.benchmark.FibJOMP;14;1000;dynamic;12.820169
org.omp4j.benchmark.FibJOMP;15;1000;dynamic;13.738855
org.omp4j.benchmark.FibJOMP;16;1000;dynamic;14.514611
org.omp4j.benchmark.FibJOMP;17;1000;dynamic;14.563947
org.omp4j.benchmark.FibJOMP;18;1000;dynamic;15.976093
org.omp4j.benchmark.FibJOMP;19;1000;dynamic;15.924502
org.omp4j.benchmark.FibJOMP;20;1000;dynamic;17.073546
org.omp4j.benchmark.FibJOMP;21;1000;dynamic;18.106195
org.omp4j.benchmark.FibJOMP;22;1000;dynamic;17.934126
org.omp4j.benchmark.FibJOMP;23;1000;dynamic;19.693074
org.omp4j.benchmark.FibJOMP;24;1000;dynamic;18.852245
org.omp4j.benchmark.FibJOMP;25;1000;dynamic;18.663305
org.omp4j.benchmark.FibJOMP;26;1000;dynamic;18.937398
org.omp4j.benchmark.FibJOMP;27;1000;dynamic;19.616208
org.omp4j.benchmark.FibJOMP;28;1000;dynamic;18.725609
org.omp4j.benchmark.FibJOMP;29;1000;dynamic;19.847062
org.omp4j.benchmark.FibJOMP;30;1000;dynamic;19.236881
org.omp4j.benchmark.FibJOMP;31;1000;dynamic;18.094098
org.omp4j.benchmark.FibJOMP;32;1000;dynamic;18.953874
org.omp4j.benchmark.FibJOMP;33;1000;dynamic;18.096452
org.omp4j.benchmark.FibJOMP;34;1000;dynamic;18.047096
org.omp4j.benchmark.FibJOMP;35;1000;dynamic;19.090526
org.omp4j.benchmark.FibJOMP;36;1000;dynamic;19.862846
org.omp4j.benchmark.FibJOMP;37;1000;dynamic;18.372254
org.omp4j.benchmark.FibJOMP;38;1000;dynamic;17.907243
org.omp4j.benchmark.FibJOMP;39;1000;dynamic;18.908308
org.omp4j.benchmark.FibJOMP;40;1000;dynamic;18.056596
org.omp4j.benchmark.FibJOMP;41;1000;dynamic;18.874886
org.omp4j.benchmark.FibJOMP;42;1000;dynamic;18.585634
org.omp4j.benchmark.FibJOMP;43;1000;dynamic;17.789285
org.omp4j.benchmark.FibJOMP;44;1000;dynamic;18.683460
org.omp4j.benchmark.FibJOMP;45;1000;dynamic;17.584763
org.omp4j.benchmark.FibJOMP;46;1000;dynamic;17.567282
org.omp4j.benchmark.FibJOMP;47;1000;dynamic;17.236573
org.omp4j.benchmark.FibJOMP;48;1000;dynamic;18.038204
org.omp4j.benchmark.FibJOMP;1;20000;dynamic;1.023874
org.omp4j.benchmark.FibJOMP;2;20000;dynamic;1.875104
org.omp4j.benchmark.FibJOMP;3;20000;dynamic;2.924324
org.omp4j.benchmark.FibJOMP;4;20000;dynamic;3.781767
org.omp4j.benchmark.FibJOMP;5;20000;dynamic;5.066385
org.omp4j.benchmark.FibJOMP;6;20000;dynamic;6.099789
org.omp4j.benchmark.FibJOMP;7;20000;dynamic;6.925606
org.omp4j.benchmark.FibJOMP;8;20000;dynamic;7.604253
org.omp4j.benchmark.FibJOMP;9;20000;dynamic;8.916051
org.omp4j.benchmark.FibJOMP;10;20000;dynamic;10.106827
org.omp4j.benchmark.FibJOMP;11;20000;dynamic;10.504230
org.omp4j.benchmark.FibJOMP;12;20000;dynamic;12.023745
org.omp4j.benchmark.FibJOMP;13;20000;dynamic;12.095294
org.omp4j.benchmark.FibJOMP;14;20000;dynamic;13.736138
org.omp4j.benchmark.FibJOMP;15;20000;dynamic;14.958883
org.omp4j.benchmark.FibJOMP;16;20000;dynamic;16.074369
org.omp4j.benchmark.FibJOMP;17;20000;dynamic;16.966366
org.omp4j.benchmark.FibJOMP;18;20000;dynamic;23.161812
org.omp4j.benchmark.FibJOMP;19;20000;dynamic;18.833080
org.omp4j.benchmark.FibJOMP;20;20000;dynamic;20.055089
org.omp4j.benchmark.FibJOMP;21;20000;dynamic;20.436637
org.omp4j.benchmark.FibJOMP;22;20000;dynamic;21.113319
org.omp4j.benchmark.FibJOMP;23;20000;dynamic;22.988416
org.omp4j.benchmark.FibJOMP;24;20000;dynamic;22.418007
org.omp4j.benchmark.FibJOMP;25;20000;dynamic;22.765520
org.omp4j.benchmark.FibJOMP;26;20000;dynamic;22.370922
org.omp4j.benchmark.FibJOMP;27;20000;dynamic;22.441441
org.omp4j.benchmark.FibJOMP;28;20000;dynamic;23.113185
org.omp4j.benchmark.FibJOMP;29;20000;dynamic;23.683269
org.omp4j.benchmark.FibJOMP;30;20000;dynamic;22.781057
org.omp4j.benchmark.FibJOMP;31;20000;dynamic;23.712967
org.omp4j.benchmark.FibJOMP;32;20000;dynamic;23.004375
org.omp4j.benchmark.FibJOMP;33;20000;dynamic;24.502897
org.omp4j.benchmark.FibJOMP;34;20000;dynamic;24.862818
org.omp4j.benchmark.FibJOMP;35;20000;dynamic;23.862800
org.omp4j.benchmark.FibJOMP;36;20000;dynamic;24.343287
org.omp4j.benchmark.FibJOMP;37;20000;dynamic;24.613600
org.omp4j.benchmark.FibJOMP;38;20000;dynamic;24.449512
org.omp4j.benchmark.FibJOMP;39;20000;dynamic;25.207185
org.omp4j.benchmark.FibJOMP;40;20000;dynamic;23.827921
org.omp4j.benchmark.FibJOMP;41;20000;dynamic;24.670300
org.omp4j.benchmark.FibJOMP;42;20000;dynamic;25.101210
org.omp4j.benchmark.FibJOMP;43;20000;dynamic;25.397607
org.omp4j.benchmark.FibJOMP;44;20000;dynamic;25.367140
org.omp4j.benchmark.FibJOMP;45;20000;dynamic;25.743534
org.omp4j.benchmark.FibJOMP;46;20000;dynamic;24.486511
org.omp4j.benchmark.FibJOMP;47;20000;dynamic;25.075300
org.omp4j.benchmark.FibJOMP;48;20000;dynamic;24.816314
org.omp4j.benchmark.FibJOMP;1;1000;dynamic;1.069700
org.omp4j.benchmark.FibJOMP;2;1000;dynamic;2.006904
org.omp4j.benchmark.FibJOMP;3;1000;dynamic;2.881479
org.omp4j.benchmark.FibJOMP;4;1000;dynamic;3.949369
org.omp4j.benchmark.FibJOMP;5;1000;dynamic;4.972817
org.omp4j.benchmark.FibJOMP;6;1000;dynamic;5.905880
org.omp4j.benchmark.FibJOMP;7;1000;dynamic;6.703151
org.omp4j.benchmark.FibJOMP;8;1000;dynamic;7.803606
org.omp4j.benchmark.FibJOMP;9;1000;dynamic;8.625609
org.omp4j.benchmark.FibJOMP;10;1000;dynamic;9.276444
org.omp4j.benchmark.FibJOMP;11;1000;dynamic;10.301313
org.omp4j.benchmark.FibJOMP;12;1000;dynamic;11.185580
org.omp4j.benchmark.FibJOMP;13;1000;dynamic;12.051636
org.omp4j.benchmark.FibJOMP;14;1000;dynamic;12.667197
org.omp4j.benchmark.FibJOMP;15;1000;dynamic;20.775982
org.omp4j.benchmark.FibJOMP;16;1000;dynamic;14.511385
org.omp4j.benchmark.FibJOMP;17;1000;dynamic;13.277289
org.omp4j.benchmark.FibJOMP;18;1000;dynamic;15.590292
org.omp4j.benchmark.FibJOMP;19;1000;dynamic;16.263234
org.omp4j.benchmark.FibJOMP;20;1000;dynamic;23.337719
org.omp4j.benchmark.FibJOMP;21;1000;dynamic;18.263573
org.omp4j.benchmark.FibJOMP;22;1000;dynamic;19.016411
org.omp4j.benchmark.FibJOMP;23;1000;dynamic;17.611829
org.omp4j.benchmark.FibJOMP;24;1000;dynamic;19.264555
org.omp4j.benchmark.FibJOMP;25;1000;dynamic;19.448779
org.omp4j.benchmark.FibJOMP;26;1000;dynamic;18.377314
org.omp4j.benchmark.FibJOMP;27;1000;dynamic;19.192050
org.omp4j.benchmark.FibJOMP;28;1000;dynamic;18.710090
org.omp4j.benchmark.FibJOMP;29;1000;dynamic;18.931612
org.omp4j.benchmark.FibJOMP;30;1000;dynamic;19.306175
org.omp4j.benchmark.FibJOMP;31;1000;dynamic;18.682234
org.omp4j.benchmark.FibJOMP;32;1000;dynamic;18.986259
org.omp4j.benchmark.FibJOMP;33;1000;dynamic;19.492684
org.omp4j.benchmark.FibJOMP;34;1000;dynamic;18.332295
org.omp4j.benchmark.FibJOMP;35;1000;dynamic;19.068581
org.omp4j.benchmark.FibJOMP;36;1000;dynamic;19.106858
org.omp4j.benchmark.FibJOMP;37;1000;dynamic;19.153056
org.omp4j.benchmark.FibJOMP;38;1000;dynamic;19.219547
org.omp4j.benchmark.FibJOMP;39;1000;dynamic;17.438022
org.omp4j.benchmark.FibJOMP;40;1000;dynamic;18.562164
org.omp4j.benchmark.FibJOMP;41;1000;dynamic;19.262823
org.omp4j.benchmark.FibJOMP;42;1000;dynamic;18.894859
org.omp4j.benchmark.FibJOMP;43;1000;dynamic;18.539138
org.omp4j.benchmark.FibJOMP;44;1000;dynamic;17.683013
org.omp4j.benchmark.FibJOMP;45;1000;dynamic;18.703791
org.omp4j.benchmark.FibJOMP;46;1000;dynamic;18.493110
org.omp4j.benchmark.FibJOMP;47;1000;dynamic;17.162171
org.omp4j.benchmark.FibJOMP;48;1000;dynamic;16.973266
org.omp4j.benchmark.FibJOMP;1;20000;dynamic;1.021106
org.omp4j.benchmark.FibJOMP;2;20000;dynamic;1.959879
org.omp4j.benchmark.FibJOMP;3;20000;dynamic;2.982887
org.omp4j.benchmark.FibJOMP;4;20000;dynamic;3.917724
org.omp4j.benchmark.FibJOMP;5;20000;dynamic;4.748072
org.omp4j.benchmark.FibJOMP;6;20000;dynamic;5.660795
org.omp4j.benchmark.FibJOMP;7;20000;dynamic;6.754775
org.omp4j.benchmark.FibJOMP;8;20000;dynamic;8.064853
org.omp4j.benchmark.FibJOMP;9;20000;dynamic;8.853445
org.omp4j.benchmark.FibJOMP;10;20000;dynamic;9.845056
org.omp4j.benchmark.FibJOMP;11;20000;dynamic;10.956397
org.omp4j.benchmark.FibJOMP;12;20000;dynamic;11.449376
org.omp4j.benchmark.FibJOMP;13;20000;dynamic;12.968688
org.omp4j.benchmark.FibJOMP;14;20000;dynamic;13.353726
org.omp4j.benchmark.FibJOMP;15;20000;dynamic;14.802307
org.omp4j.benchmark.FibJOMP;16;20000;dynamic;15.205649
org.omp4j.benchmark.FibJOMP;17;20000;dynamic;17.133693
org.omp4j.benchmark.FibJOMP;18;20000;dynamic;17.945402
org.omp4j.benchmark.FibJOMP;19;20000;dynamic;18.979613
org.omp4j.benchmark.FibJOMP;20;20000;dynamic;19.303085
org.omp4j.benchmark.FibJOMP;21;20000;dynamic;20.695936
org.omp4j.benchmark.FibJOMP;22;20000;dynamic;20.787977
org.omp4j.benchmark.FibJOMP;23;20000;dynamic;22.679863
org.omp4j.benchmark.FibJOMP;24;20000;dynamic;21.403681
org.omp4j.benchmark.FibJOMP;25;20000;dynamic;21.608563
org.omp4j.benchmark.FibJOMP;26;20000;dynamic;22.249837
org.omp4j.benchmark.FibJOMP;27;20000;dynamic;22.897447
org.omp4j.benchmark.FibJOMP;28;20000;dynamic;21.959215
org.omp4j.benchmark.FibJOMP;29;20000;dynamic;23.655739
org.omp4j.benchmark.FibJOMP;30;20000;dynamic;23.808355
org.omp4j.benchmark.FibJOMP;31;20000;dynamic;24.067225
org.omp4j.benchmark.FibJOMP;32;20000;dynamic;23.981932
org.omp4j.benchmark.FibJOMP;33;20000;dynamic;24.558238
org.omp4j.benchmark.FibJOMP;34;20000;dynamic;24.745364
org.omp4j.benchmark.FibJOMP;35;20000;dynamic;24.630414
org.omp4j.benchmark.FibJOMP;36;20000;dynamic;24.319734
org.omp4j.benchmark.FibJOMP;37;20000;dynamic;24.480094
org.omp4j.benchmark.FibJOMP;38;20000;dynamic;24.786471
org.omp4j.benchmark.FibJOMP;39;20000;dynamic;25.095879
org.omp4j.benchmark.FibJOMP;40;20000;dynamic;25.260677
org.omp4j.benchmark.FibJOMP;41;20000;dynamic;24.522994
org.omp4j.benchmark.FibJOMP;42;20000;dynamic;25.118453
org.omp4j.benchmark.FibJOMP;43;20000;dynamic;25.129721
org.omp4j.benchmark.FibJOMP;44;20000;dynamic;25.269624
org.omp4j.benchmark.FibJOMP;45;20000;dynamic;25.753444
org.omp4j.benchmark.FibJOMP;46;20000;dynamic;24.878099
org.omp4j.benchmark.FibJOMP;47;20000;dynamic;24.797810
org.omp4j.benchmark.FibJOMP;48;20000;dynamic;25.275095
org.omp4j.benchmark.FibJOMP;1;1000;dynamic;0.997127
org.omp4j.benchmark.FibJOMP;2;1000;dynamic;1.976933
org.omp4j.benchmark.FibJOMP;3;1000;dynamic;2.979231
org.omp4j.benchmark.FibJOMP;4;1000;dynamic;3.982356
org.omp4j.benchmark.FibJOMP;5;1000;dynamic;4.803495
org.omp4j.benchmark.FibJOMP;6;1000;dynamic;5.841192
org.omp4j.benchmark.FibJOMP;7;1000;dynamic;6.737371
org.omp4j.benchmark.FibJOMP;8;1000;dynamic;7.365539
org.omp4j.benchmark.FibJOMP;9;1000;dynamic;8.579690
org.omp4j.benchmark.FibJOMP;10;1000;dynamic;9.452490
org.omp4j.benchmark.FibJOMP;11;1000;dynamic;10.047533
org.omp4j.benchmark.FibJOMP;12;1000;dynamic;11.064733
org.omp4j.benchmark.FibJOMP;13;1000;dynamic;11.177030
org.omp4j.benchmark.FibJOMP;14;1000;dynamic;13.050246
org.omp4j.benchmark.FibJOMP;15;1000;dynamic;13.981409
org.omp4j.benchmark.FibJOMP;16;1000;dynamic;19.814096
org.omp4j.benchmark.FibJOMP;17;1000;dynamic;14.651131
org.omp4j.benchmark.FibJOMP;18;1000;dynamic;15.120019
org.omp4j.benchmark.FibJOMP;19;1000;dynamic;16.063402
org.omp4j.benchmark.FibJOMP;20;1000;dynamic;17.135788
org.omp4j.benchmark.FibJOMP;21;1000;dynamic;18.298258
org.omp4j.benchmark.FibJOMP;22;1000;dynamic;19.142586
org.omp4j.benchmark.FibJOMP;23;1000;dynamic;18.635860
org.omp4j.benchmark.FibJOMP;24;1000;dynamic;18.632831
org.omp4j.benchmark.FibJOMP;25;1000;dynamic;19.193674
org.omp4j.benchmark.FibJOMP;26;1000;dynamic;19.755981
org.omp4j.benchmark.FibJOMP;27;1000;dynamic;18.315854
org.omp4j.benchmark.FibJOMP;28;1000;dynamic;18.890594
org.omp4j.benchmark.FibJOMP;29;1000;dynamic;19.678065
org.omp4j.benchmark.FibJOMP;30;1000;dynamic;19.026554
org.omp4j.benchmark.FibJOMP;31;1000;dynamic;18.714693
org.omp4j.benchmark.FibJOMP;32;1000;dynamic;18.447429
org.omp4j.benchmark.FibJOMP;33;1000;dynamic;19.230741
org.omp4j.benchmark.FibJOMP;34;1000;dynamic;19.108192
org.omp4j.benchmark.FibJOMP;35;1000;dynamic;19.396465
org.omp4j.benchmark.FibJOMP;36;1000;dynamic;18.366792
org.omp4j.benchmark.FibJOMP;37;1000;dynamic;19.326355
org.omp4j.benchmark.FibJOMP;38;1000;dynamic;19.098343
org.omp4j.benchmark.FibJOMP;39;1000;dynamic;18.503023
org.omp4j.benchmark.FibJOMP;40;1000;dynamic;18.947483
org.omp4j.benchmark.FibJOMP;41;1000;dynamic;18.875846
org.omp4j.benchmark.FibJOMP;42;1000;dynamic;18.313777
org.omp4j.benchmark.FibJOMP;43;1000;dynamic;16.754377
org.omp4j.benchmark.FibJOMP;44;1000;dynamic;18.440787
org.omp4j.benchmark.FibJOMP;45;1000;dynamic;18.445970
org.omp4j.benchmark.FibJOMP;46;1000;dynamic;18.072744
org.omp4j.benchmark.FibJOMP;47;1000;dynamic;17.701820
org.omp4j.benchmark.FibJOMP;48;1000;dynamic;17.787657
org.omp4j.benchmark.FibJOMP;1;20000;dynamic;0.958357
org.omp4j.benchmark.FibJOMP;2;20000;dynamic;1.875547
org.omp4j.benchmark.FibJOMP;3;20000;dynamic;2.901773
org.omp4j.benchmark.FibJOMP;4;20000;dynamic;3.670955
org.omp4j.benchmark.FibJOMP;5;20000;dynamic;4.232527
org.omp4j.benchmark.FibJOMP;6;20000;dynamic;5.882545
org.omp4j.benchmark.FibJOMP;7;20000;dynamic;7.152211
org.omp4j.benchmark.FibJOMP;8;20000;dynamic;7.704580
org.omp4j.benchmark.FibJOMP;9;20000;dynamic;8.487284
org.omp4j.benchmark.FibJOMP;10;20000;dynamic;8.960762
org.omp4j.benchmark.FibJOMP;11;20000;dynamic;11.069288
org.omp4j.benchmark.FibJOMP;12;20000;dynamic;12.171094
org.omp4j.benchmark.FibJOMP;13;20000;dynamic;12.789074
org.omp4j.benchmark.FibJOMP;14;20000;dynamic;14.110441
org.omp4j.benchmark.FibJOMP;15;20000;dynamic;14.192218
org.omp4j.benchmark.FibJOMP;16;20000;dynamic;15.925790
org.omp4j.benchmark.FibJOMP;17;20000;dynamic;16.386998
org.omp4j.benchmark.FibJOMP;18;20000;dynamic;17.394511
org.omp4j.benchmark.FibJOMP;19;20000;dynamic;18.162031
org.omp4j.benchmark.FibJOMP;20;20000;dynamic;19.017380
org.omp4j.benchmark.FibJOMP;21;20000;dynamic;20.197588
org.omp4j.benchmark.FibJOMP;22;20000;dynamic;20.907131
org.omp4j.benchmark.FibJOMP;23;20000;dynamic;22.078267
org.omp4j.benchmark.FibJOMP;24;20000;dynamic;30.030666
org.omp4j.benchmark.FibJOMP;25;20000;dynamic;23.260396
org.omp4j.benchmark.FibJOMP;26;20000;dynamic;22.633070
org.omp4j.benchmark.FibJOMP;27;20000;dynamic;23.023227
org.omp4j.benchmark.FibJOMP;28;20000;dynamic;23.518258
org.omp4j.benchmark.FibJOMP;29;20000;dynamic;23.549909
org.omp4j.benchmark.FibJOMP;30;20000;dynamic;22.972369
org.omp4j.benchmark.FibJOMP;31;20000;dynamic;23.452780
org.omp4j.benchmark.FibJOMP;32;20000;dynamic;24.093641
org.omp4j.benchmark.FibJOMP;33;20000;dynamic;24.476732
org.omp4j.benchmark.FibJOMP;34;20000;dynamic;24.250065
org.omp4j.benchmark.FibJOMP;35;20000;dynamic;24.196720
org.omp4j.benchmark.FibJOMP;36;20000;dynamic;24.875909
org.omp4j.benchmark.FibJOMP;37;20000;dynamic;24.690101
org.omp4j.benchmark.FibJOMP;38;20000;dynamic;24.931904
org.omp4j.benchmark.FibJOMP;39;20000;dynamic;24.394336
org.omp4j.benchmark.FibJOMP;40;20000;dynamic;25.391551
org.omp4j.benchmark.FibJOMP;41;20000;dynamic;24.884344
org.omp4j.benchmark.FibJOMP;42;20000;dynamic;25.341820
org.omp4j.benchmark.FibJOMP;43;20000;dynamic;25.384862
org.omp4j.benchmark.FibJOMP;44;20000;dynamic;25.088301
org.omp4j.benchmark.FibJOMP;45;20000;dynamic;25.691938
org.omp4j.benchmark.FibJOMP;46;20000;dynamic;25.474486
org.omp4j.benchmark.FibJOMP;47;20000;dynamic;25.359690
org.omp4j.benchmark.FibJOMP;48;20000;dynamic;25.392582
org.omp4j.benchmark.FibJOMP;1;1000;dynamic;1.030938
org.omp4j.benchmark.FibJOMP;2;1000;dynamic;1.969613
org.omp4j.benchmark.FibJOMP;3;1000;dynamic;2.955283
org.omp4j.benchmark.FibJOMP;4;1000;dynamic;3.704859
org.omp4j.benchmark.FibJOMP;5;1000;dynamic;4.854584
org.omp4j.benchmark.FibJOMP;6;1000;dynamic;5.817557
org.omp4j.benchmark.FibJOMP;7;1000;dynamic;6.887227
org.omp4j.benchmark.FibJOMP;8;1000;dynamic;7.691402
org.omp4j.benchmark.FibJOMP;9;1000;dynamic;8.628275
org.omp4j.benchmark.FibJOMP;10;1000;dynamic;9.419607
org.omp4j.benchmark.FibJOMP;11;1000;dynamic;10.462140
org.omp4j.benchmark.FibJOMP;12;1000;dynamic;11.391850
org.omp4j.benchmark.FibJOMP;13;1000;dynamic;12.166764
org.omp4j.benchmark.FibJOMP;14;1000;dynamic;12.841956
org.omp4j.benchmark.FibJOMP;15;1000;dynamic;13.944877
org.omp4j.benchmark.FibJOMP;16;1000;dynamic;14.488315
org.omp4j.benchmark.FibJOMP;17;1000;dynamic;15.236235
org.omp4j.benchmark.FibJOMP;18;1000;dynamic;15.620902
org.omp4j.benchmark.FibJOMP;19;1000;dynamic;16.377186
org.omp4j.benchmark.FibJOMP;20;1000;dynamic;17.022883
org.omp4j.benchmark.FibJOMP;21;1000;dynamic;18.300390
org.omp4j.benchmark.FibJOMP;22;1000;dynamic;18.001535
org.omp4j.benchmark.FibJOMP;23;1000;dynamic;19.705811
org.omp4j.benchmark.FibJOMP;24;1000;dynamic;17.567165
org.omp4j.benchmark.FibJOMP;25;1000;dynamic;18.322154
org.omp4j.benchmark.FibJOMP;26;1000;dynamic;18.946902
org.omp4j.benchmark.FibJOMP;27;1000;dynamic;19.183946
org.omp4j.benchmark.FibJOMP;28;1000;dynamic;19.244413
org.omp4j.benchmark.FibJOMP;29;1000;dynamic;18.626787
org.omp4j.benchmark.FibJOMP;30;1000;dynamic;19.093403
org.omp4j.benchmark.FibJOMP;31;1000;dynamic;18.787576
org.omp4j.benchmark.FibJOMP;32;1000;dynamic;18.655962
org.omp4j.benchmark.FibJOMP;33;1000;dynamic;18.005726
org.omp4j.benchmark.FibJOMP;34;1000;dynamic;18.923795
org.omp4j.benchmark.FibJOMP;35;1000;dynamic;18.881964
org.omp4j.benchmark.FibJOMP;36;1000;dynamic;18.097640
org.omp4j.benchmark.FibJOMP;37;1000;dynamic;18.165723
org.omp4j.benchmark.FibJOMP;38;1000;dynamic;18.601394
org.omp4j.benchmark.FibJOMP;39;1000;dynamic;18.703494
org.omp4j.benchmark.FibJOMP;40;1000;dynamic;17.911491
org.omp4j.benchmark.FibJOMP;41;1000;dynamic;19.002927
org.omp4j.benchmark.FibJOMP;42;1000;dynamic;17.441055
org.omp4j.benchmark.FibJOMP;43;1000;dynamic;18.173037
org.omp4j.benchmark.FibJOMP;44;1000;dynamic;18.968235
org.omp4j.benchmark.FibJOMP;45;1000;dynamic;18.025943
org.omp4j.benchmark.FibJOMP;46;1000;dynamic;18.207824
org.omp4j.benchmark.FibJOMP;47;1000;dynamic;18.030769
org.omp4j.benchmark.FibJOMP;48;1000;dynamic;17.475925
org.omp4j.benchmark.FibJOMP;1;20000;dynamic;1.016511
org.omp4j.benchmark.FibJOMP;2;20000;dynamic;1.999588
org.omp4j.benchmark.FibJOMP;3;20000;dynamic;3.013901
org.omp4j.benchmark.FibJOMP;4;20000;dynamic;3.969737
org.omp4j.benchmark.FibJOMP;5;20000;dynamic;4.675624
org.omp4j.benchmark.FibJOMP;6;20000;dynamic;6.086681
org.omp4j.benchmark.FibJOMP;7;20000;dynamic;7.101785
org.omp4j.benchmark.FibJOMP;8;20000;dynamic;8.117693
org.omp4j.benchmark.FibJOMP;9;20000;dynamic;8.003579
org.omp4j.benchmark.FibJOMP;10;20000;dynamic;10.004501
org.omp4j.benchmark.FibJOMP;11;20000;dynamic;11.041031
org.omp4j.benchmark.FibJOMP;12;20000;dynamic;11.757892
org.omp4j.benchmark.FibJOMP;13;20000;dynamic;12.923145
org.omp4j.benchmark.FibJOMP;14;20000;dynamic;12.673986
org.omp4j.benchmark.FibJOMP;15;20000;dynamic;14.757249
org.omp4j.benchmark.FibJOMP;16;20000;dynamic;16.018154
org.omp4j.benchmark.FibJOMP;17;20000;dynamic;17.013423
org.omp4j.benchmark.FibJOMP;18;20000;dynamic;16.881136
org.omp4j.benchmark.FibJOMP;19;20000;dynamic;18.990212
org.omp4j.benchmark.FibJOMP;20;20000;dynamic;18.690005
org.omp4j.benchmark.FibJOMP;21;20000;dynamic;19.843702
org.omp4j.benchmark.FibJOMP;22;20000;dynamic;21.526419
org.omp4j.benchmark.FibJOMP;23;20000;dynamic;22.398276
org.omp4j.benchmark.FibJOMP;24;20000;dynamic;22.440654
org.omp4j.benchmark.FibJOMP;25;20000;dynamic;22.280318
org.omp4j.benchmark.FibJOMP;26;20000;dynamic;22.855294
org.omp4j.benchmark.FibJOMP;27;20000;dynamic;23.560764
org.omp4j.benchmark.FibJOMP;28;20000;dynamic;23.405569
org.omp4j.benchmark.FibJOMP;29;20000;dynamic;23.064317
org.omp4j.benchmark.FibJOMP;30;20000;dynamic;23.654251
org.omp4j.benchmark.FibJOMP;31;20000;dynamic;23.723987
org.omp4j.benchmark.FibJOMP;32;20000;dynamic;24.236587
org.omp4j.benchmark.FibJOMP;33;20000;dynamic;23.402730
org.omp4j.benchmark.FibJOMP;34;20000;dynamic;24.285701
org.omp4j.benchmark.FibJOMP;35;20000;dynamic;23.031349
org.omp4j.benchmark.FibJOMP;36;20000;dynamic;24.372284
org.omp4j.benchmark.FibJOMP;37;20000;dynamic;24.516514
org.omp4j.benchmark.FibJOMP;38;20000;dynamic;24.869093
org.omp4j.benchmark.FibJOMP;39;20000;dynamic;24.995539
org.omp4j.benchmark.FibJOMP;40;20000;dynamic;23.482850
org.omp4j.benchmark.FibJOMP;41;20000;dynamic;25.366318
org.omp4j.benchmark.FibJOMP;42;20000;dynamic;25.036529
org.omp4j.benchmark.FibJOMP;43;20000;dynamic;25.599799
org.omp4j.benchmark.FibJOMP;44;20000;dynamic;25.743379
org.omp4j.benchmark.FibJOMP;45;20000;dynamic;25.878202
org.omp4j.benchmark.FibJOMP;46;20000;dynamic;25.972743
org.omp4j.benchmark.FibJOMP;47;20000;dynamic;24.872593
org.omp4j.benchmark.FibJOMP;48;20000;dynamic;25.576902
org.omp4j.benchmark.FibJOMP;1;1000;dynamic;1.038278
org.omp4j.benchmark.FibJOMP;2;1000;dynamic;1.852942
org.omp4j.benchmark.FibJOMP;3;1000;dynamic;2.989776
org.omp4j.benchmark.FibJOMP;4;1000;dynamic;3.980563
org.omp4j.benchmark.FibJOMP;5;1000;dynamic;4.815799
org.omp4j.benchmark.FibJOMP;6;1000;dynamic;5.889577
org.omp4j.benchmark.FibJOMP;7;1000;dynamic;6.786452
org.omp4j.benchmark.FibJOMP;8;1000;dynamic;7.441608
org.omp4j.benchmark.FibJOMP;9;1000;dynamic;8.630805
org.omp4j.benchmark.FibJOMP;10;1000;dynamic;9.242781
org.omp4j.benchmark.FibJOMP;11;1000;dynamic;10.120664
org.omp4j.benchmark.FibJOMP;12;1000;dynamic;11.183016
org.omp4j.benchmark.FibJOMP;13;1000;dynamic;11.635298
org.omp4j.benchmark.FibJOMP;14;1000;dynamic;12.646695
org.omp4j.benchmark.FibJOMP;15;1000;dynamic;13.567387
org.omp4j.benchmark.FibJOMP;16;1000;dynamic;14.433623
org.omp4j.benchmark.FibJOMP;17;1000;dynamic;15.344764
org.omp4j.benchmark.FibJOMP;18;1000;dynamic;15.686696
org.omp4j.benchmark.FibJOMP;19;1000;dynamic;15.964621
org.omp4j.benchmark.FibJOMP;20;1000;dynamic;16.933412
org.omp4j.benchmark.FibJOMP;21;1000;dynamic;17.609582
org.omp4j.benchmark.FibJOMP;22;1000;dynamic;18.765681
org.omp4j.benchmark.FibJOMP;23;1000;dynamic;19.893523
org.omp4j.benchmark.FibJOMP;24;1000;dynamic;19.766336
org.omp4j.benchmark.FibJOMP;25;1000;dynamic;19.805182
org.omp4j.benchmark.FibJOMP;26;1000;dynamic;19.520505
org.omp4j.benchmark.FibJOMP;27;1000;dynamic;19.686590
org.omp4j.benchmark.FibJOMP;28;1000;dynamic;19.448187
org.omp4j.benchmark.FibJOMP;29;1000;dynamic;19.766657
org.omp4j.benchmark.FibJOMP;30;1000;dynamic;18.958359
org.omp4j.benchmark.FibJOMP;31;1000;dynamic;18.755103
org.omp4j.benchmark.FibJOMP;32;1000;dynamic;19.501433
org.omp4j.benchmark.FibJOMP;33;1000;dynamic;19.033982
org.omp4j.benchmark.FibJOMP;34;1000;dynamic;18.724593
org.omp4j.benchmark.FibJOMP;35;1000;dynamic;18.892411
org.omp4j.benchmark.FibJOMP;36;1000;dynamic;18.517247
org.omp4j.benchmark.FibJOMP;37;1000;dynamic;19.320036
org.omp4j.benchmark.FibJOMP;38;1000;dynamic;18.576333
org.omp4j.benchmark.FibJOMP;39;1000;dynamic;19.276872
org.omp4j.benchmark.FibJOMP;40;1000;dynamic;18.076116
org.omp4j.benchmark.FibJOMP;41;1000;dynamic;18.231925
org.omp4j.benchmark.FibJOMP;42;1000;dynamic;18.624495
org.omp4j.benchmark.FibJOMP;43;1000;dynamic;18.811070
org.omp4j.benchmark.FibJOMP;44;1000;dynamic;18.770430
org.omp4j.benchmark.FibJOMP;45;1000;dynamic;18.774955
org.omp4j.benchmark.FibJOMP;46;1000;dynamic;18.614644
org.omp4j.benchmark.FibJOMP;47;1000;dynamic;18.913557
org.omp4j.benchmark.FibJOMP;48;1000;dynamic;17.100458
org.omp4j.benchmark.FibJOMP;1;20000;dynamic;1.028996
org.omp4j.benchmark.FibJOMP;2;20000;dynamic;1.977092
org.omp4j.benchmark.FibJOMP;3;20000;dynamic;2.854387
org.omp4j.benchmark.FibJOMP;4;20000;dynamic;4.011400
org.omp4j.benchmark.FibJOMP;5;20000;dynamic;4.977977
org.omp4j.benchmark.FibJOMP;6;20000;dynamic;6.048482
org.omp4j.benchmark.FibJOMP;7;20000;dynamic;7.007983
org.omp4j.benchmark.FibJOMP;8;20000;dynamic;7.982920
org.omp4j.benchmark.FibJOMP;9;20000;dynamic;9.089008
org.omp4j.benchmark.FibJOMP;10;20000;dynamic;9.762010
org.omp4j.benchmark.FibJOMP;11;20000;dynamic;10.109903
org.omp4j.benchmark.FibJOMP;12;20000;dynamic;17.020916
org.omp4j.benchmark.FibJOMP;13;20000;dynamic;12.710920
org.omp4j.benchmark.FibJOMP;14;20000;dynamic;12.768440
org.omp4j.benchmark.FibJOMP;15;20000;dynamic;14.799618
org.omp4j.benchmark.FibJOMP;16;20000;dynamic;16.051993
org.omp4j.benchmark.FibJOMP;17;20000;dynamic;16.972787
org.omp4j.benchmark.FibJOMP;18;20000;dynamic;17.139463
org.omp4j.benchmark.FibJOMP;19;20000;dynamic;18.139264
org.omp4j.benchmark.FibJOMP;20;20000;dynamic;18.721226
org.omp4j.benchmark.FibJOMP;21;20000;dynamic;19.855310
org.omp4j.benchmark.FibJOMP;22;20000;dynamic;21.658316
org.omp4j.benchmark.FibJOMP;23;20000;dynamic;22.383483
org.omp4j.benchmark.FibJOMP;24;20000;dynamic;22.243645
org.omp4j.benchmark.FibJOMP;25;20000;dynamic;23.198798
org.omp4j.benchmark.FibJOMP;26;20000;dynamic;22.684830
org.omp4j.benchmark.FibJOMP;27;20000;dynamic;22.985221
org.omp4j.benchmark.FibJOMP;28;20000;dynamic;23.226590
org.omp4j.benchmark.FibJOMP;29;20000;dynamic;23.431617
org.omp4j.benchmark.FibJOMP;30;20000;dynamic;22.815546
org.omp4j.benchmark.FibJOMP;31;20000;dynamic;23.855884
org.omp4j.benchmark.FibJOMP;32;20000;dynamic;23.925685
org.omp4j.benchmark.FibJOMP;33;20000;dynamic;24.329631
org.omp4j.benchmark.FibJOMP;34;20000;dynamic;24.173137
org.omp4j.benchmark.FibJOMP;35;20000;dynamic;24.325454
org.omp4j.benchmark.FibJOMP;36;20000;dynamic;24.207945
org.omp4j.benchmark.FibJOMP;37;20000;dynamic;24.135188
org.omp4j.benchmark.FibJOMP;38;20000;dynamic;24.041269
org.omp4j.benchmark.FibJOMP;39;20000;dynamic;24.588382
org.omp4j.benchmark.FibJOMP;40;20000;dynamic;25.146036
org.omp4j.benchmark.FibJOMP;41;20000;dynamic;25.130370
org.omp4j.benchmark.FibJOMP;42;20000;dynamic;24.839464
org.omp4j.benchmark.FibJOMP;43;20000;dynamic;25.494721
org.omp4j.benchmark.FibJOMP;44;20000;dynamic;25.668749
org.omp4j.benchmark.FibJOMP;45;20000;dynamic;25.696259
org.omp4j.benchmark.FibJOMP;46;20000;dynamic;24.357195
org.omp4j.benchmark.FibJOMP;47;20000;dynamic;24.900723
org.omp4j.benchmark.FibJOMP;48;20000;dynamic;25.879627
org.omp4j.benchmark.FibJOMP;1;1000;dynamic;0.950866
org.omp4j.benchmark.FibJOMP;2;1000;dynamic;1.975952
org.omp4j.benchmark.FibJOMP;3;1000;dynamic;2.900783
org.omp4j.benchmark.FibJOMP;4;1000;dynamic;3.880122
org.omp4j.benchmark.FibJOMP;5;1000;dynamic;4.878071
org.omp4j.benchmark.FibJOMP;6;1000;dynamic;5.848494
org.omp4j.benchmark.FibJOMP;7;1000;dynamic;6.449678
org.omp4j.benchmark.FibJOMP;8;1000;dynamic;7.731209
org.omp4j.benchmark.FibJOMP;9;1000;dynamic;8.678414
org.omp4j.benchmark.FibJOMP;10;1000;dynamic;9.452471
org.omp4j.benchmark.FibJOMP;11;1000;dynamic;10.022280
org.omp4j.benchmark.FibJOMP;12;1000;dynamic;11.456934
org.omp4j.benchmark.FibJOMP;13;1000;dynamic;12.369819
org.omp4j.benchmark.FibJOMP;14;1000;dynamic;12.841129
org.omp4j.benchmark.FibJOMP;15;1000;dynamic;13.847152
org.omp4j.benchmark.FibJOMP;16;1000;dynamic;14.672393
org.omp4j.benchmark.FibJOMP;17;1000;dynamic;15.387290
org.omp4j.benchmark.FibJOMP;18;1000;dynamic;14.519245
org.omp4j.benchmark.FibJOMP;19;1000;dynamic;15.872895
org.omp4j.benchmark.FibJOMP;20;1000;dynamic;17.171570
org.omp4j.benchmark.FibJOMP;21;1000;dynamic;18.230752
org.omp4j.benchmark.FibJOMP;22;1000;dynamic;19.128717
org.omp4j.benchmark.FibJOMP;23;1000;dynamic;19.808070
org.omp4j.benchmark.FibJOMP;24;1000;dynamic;19.619421
org.omp4j.benchmark.FibJOMP;25;1000;dynamic;18.852459
org.omp4j.benchmark.FibJOMP;26;1000;dynamic;19.400059
org.omp4j.benchmark.FibJOMP;27;1000;dynamic;18.335483
org.omp4j.benchmark.FibJOMP;28;1000;dynamic;17.757592
org.omp4j.benchmark.FibJOMP;29;1000;dynamic;19.320666
org.omp4j.benchmark.FibJOMP;30;1000;dynamic;19.915407
org.omp4j.benchmark.FibJOMP;31;1000;dynamic;18.853227
org.omp4j.benchmark.FibJOMP;32;1000;dynamic;18.370898
org.omp4j.benchmark.FibJOMP;33;1000;dynamic;19.171194
org.omp4j.benchmark.FibJOMP;34;1000;dynamic;18.218638
org.omp4j.benchmark.FibJOMP;35;1000;dynamic;19.664073
org.omp4j.benchmark.FibJOMP;36;1000;dynamic;28.284541
org.omp4j.benchmark.FibJOMP;37;1000;dynamic;18.781472
org.omp4j.benchmark.FibJOMP;38;1000;dynamic;19.181492
org.omp4j.benchmark.FibJOMP;39;1000;dynamic;19.128700
org.omp4j.benchmark.FibJOMP;40;1000;dynamic;18.616845
org.omp4j.benchmark.FibJOMP;41;1000;dynamic;18.682303
org.omp4j.benchmark.FibJOMP;42;1000;dynamic;27.431897
org.omp4j.benchmark.FibJOMP;43;1000;dynamic;18.423212
org.omp4j.benchmark.FibJOMP;44;1000;dynamic;17.144243
org.omp4j.benchmark.FibJOMP;45;1000;dynamic;18.376593
org.omp4j.benchmark.FibJOMP;46;1000;dynamic;19.170515
org.omp4j.benchmark.FibJOMP;47;1000;dynamic;17.189458
org.omp4j.benchmark.FibJOMP;48;1000;dynamic;18.386147
org.omp4j.benchmark.FibJOMP;1;20000;dynamic;1.016742
org.omp4j.benchmark.FibJOMP;2;20000;dynamic;2.006939
org.omp4j.benchmark.FibJOMP;3;20000;dynamic;3.794665
org.omp4j.benchmark.FibJOMP;4;20000;dynamic;3.799582
org.omp4j.benchmark.FibJOMP;5;20000;dynamic;4.838469
org.omp4j.benchmark.FibJOMP;6;20000;dynamic;5.784628
org.omp4j.benchmark.FibJOMP;7;20000;dynamic;6.954399
org.omp4j.benchmark.FibJOMP;8;20000;dynamic;7.784155
org.omp4j.benchmark.FibJOMP;9;20000;dynamic;8.727081
org.omp4j.benchmark.FibJOMP;10;20000;dynamic;10.127586
org.omp4j.benchmark.FibJOMP;11;20000;dynamic;10.810216
org.omp4j.benchmark.FibJOMP;12;20000;dynamic;12.072656
org.omp4j.benchmark.FibJOMP;13;20000;dynamic;12.891637
org.omp4j.benchmark.FibJOMP;14;20000;dynamic;14.095072
org.omp4j.benchmark.FibJOMP;15;20000;dynamic;14.963304
org.omp4j.benchmark.FibJOMP;16;20000;dynamic;15.677356
org.omp4j.benchmark.FibJOMP;17;20000;dynamic;16.184813
org.omp4j.benchmark.FibJOMP;18;20000;dynamic;17.771127
org.omp4j.benchmark.FibJOMP;19;20000;dynamic;18.104955
org.omp4j.benchmark.FibJOMP;20;20000;dynamic;20.070534
org.omp4j.benchmark.FibJOMP;21;20000;dynamic;20.003205
org.omp4j.benchmark.FibJOMP;22;20000;dynamic;20.579858
org.omp4j.benchmark.FibJOMP;23;20000;dynamic;22.669447
org.omp4j.benchmark.FibJOMP;24;20000;dynamic;22.096024
org.omp4j.benchmark.FibJOMP;25;20000;dynamic;23.046044
org.omp4j.benchmark.FibJOMP;26;20000;dynamic;22.828240
org.omp4j.benchmark.FibJOMP;27;20000;dynamic;23.569767
org.omp4j.benchmark.FibJOMP;28;20000;dynamic;22.917540
org.omp4j.benchmark.FibJOMP;29;20000;dynamic;23.575171
org.omp4j.benchmark.FibJOMP;30;20000;dynamic;23.834582
org.omp4j.benchmark.FibJOMP;31;20000;dynamic;23.768087
org.omp4j.benchmark.FibJOMP;32;20000;dynamic;24.017082
org.omp4j.benchmark.FibJOMP;33;20000;dynamic;23.365006
org.omp4j.benchmark.FibJOMP;34;20000;dynamic;24.386517
org.omp4j.benchmark.FibJOMP;35;20000;dynamic;24.819170
org.omp4j.benchmark.FibJOMP;36;20000;dynamic;25.347512
org.omp4j.benchmark.FibJOMP;37;20000;dynamic;24.383938
org.omp4j.benchmark.FibJOMP;38;20000;dynamic;24.007604
org.omp4j.benchmark.FibJOMP;39;20000;dynamic;23.803821
org.omp4j.benchmark.FibJOMP;40;20000;dynamic;24.576730
org.omp4j.benchmark.FibJOMP;41;20000;dynamic;25.381276
org.omp4j.benchmark.FibJOMP;42;20000;dynamic;25.507082
org.omp4j.benchmark.FibJOMP;43;20000;dynamic;25.459749
org.omp4j.benchmark.FibJOMP;44;20000;dynamic;25.608459
org.omp4j.benchmark.FibJOMP;45;20000;dynamic;25.102084
org.omp4j.benchmark.FibJOMP;46;20000;dynamic;25.439072
org.omp4j.benchmark.FibJOMP;47;20000;dynamic;25.871803
org.omp4j.benchmark.FibJOMP;48;20000;dynamic;24.568232
org.omp4j.benchmark.FibJOMP;1;1000;dynamic;1.019173
org.omp4j.benchmark.FibJOMP;2;1000;dynamic;1.993164
org.omp4j.benchmark.FibJOMP;3;1000;dynamic;2.914556
org.omp4j.benchmark.FibJOMP;4;1000;dynamic;3.976074
org.omp4j.benchmark.FibJOMP;5;1000;dynamic;4.890714
org.omp4j.benchmark.FibJOMP;6;1000;dynamic;8.038353
org.omp4j.benchmark.FibJOMP;7;1000;dynamic;6.589053
org.omp4j.benchmark.FibJOMP;8;1000;dynamic;7.949911
org.omp4j.benchmark.FibJOMP;9;1000;dynamic;8.422054
org.omp4j.benchmark.FibJOMP;10;1000;dynamic;9.077517
org.omp4j.benchmark.FibJOMP;11;1000;dynamic;10.611899
org.omp4j.benchmark.FibJOMP;12;1000;dynamic;11.125667
org.omp4j.benchmark.FibJOMP;13;1000;dynamic;11.754493
org.omp4j.benchmark.FibJOMP;14;1000;dynamic;13.010343
org.omp4j.benchmark.FibJOMP;15;1000;dynamic;13.627453
org.omp4j.benchmark.FibJOMP;16;1000;dynamic;14.394756
org.omp4j.benchmark.FibJOMP;17;1000;dynamic;15.427881
org.omp4j.benchmark.FibJOMP;18;1000;dynamic;15.912642
org.omp4j.benchmark.FibJOMP;19;1000;dynamic;16.270580
org.omp4j.benchmark.FibJOMP;20;1000;dynamic;17.631751
org.omp4j.benchmark.FibJOMP;21;1000;dynamic;18.053405
org.omp4j.benchmark.FibJOMP;22;1000;dynamic;18.555875
org.omp4j.benchmark.FibJOMP;23;1000;dynamic;19.162280
org.omp4j.benchmark.FibJOMP;24;1000;dynamic;19.395612
org.omp4j.benchmark.FibJOMP;25;1000;dynamic;18.511178
org.omp4j.benchmark.FibJOMP;26;1000;dynamic;18.830480
org.omp4j.benchmark.FibJOMP;27;1000;dynamic;19.487306
org.omp4j.benchmark.FibJOMP;28;1000;dynamic;19.202031
org.omp4j.benchmark.FibJOMP;29;1000;dynamic;18.799211
org.omp4j.benchmark.FibJOMP;30;1000;dynamic;19.052536
org.omp4j.benchmark.FibJOMP;31;1000;dynamic;19.357545
org.omp4j.benchmark.FibJOMP;32;1000;dynamic;19.560513
org.omp4j.benchmark.FibJOMP;33;1000;dynamic;18.405877
org.omp4j.benchmark.FibJOMP;34;1000;dynamic;19.063598
org.omp4j.benchmark.FibJOMP;35;1000;dynamic;17.996016
org.omp4j.benchmark.FibJOMP;36;1000;dynamic;19.093085
org.omp4j.benchmark.FibJOMP;37;1000;dynamic;18.400703
org.omp4j.benchmark.FibJOMP;38;1000;dynamic;18.811388
org.omp4j.benchmark.FibJOMP;39;1000;dynamic;18.995207
org.omp4j.benchmark.FibJOMP;40;1000;dynamic;18.513216
org.omp4j.benchmark.FibJOMP;41;1000;dynamic;18.078701
org.omp4j.benchmark.FibJOMP;42;1000;dynamic;19.078006
org.omp4j.benchmark.FibJOMP;43;1000;dynamic;18.990136
org.omp4j.benchmark.FibJOMP;44;1000;dynamic;19.319812
org.omp4j.benchmark.FibJOMP;45;1000;dynamic;18.457878
org.omp4j.benchmark.FibJOMP;46;1000;dynamic;18.517288
org.omp4j.benchmark.FibJOMP;47;1000;dynamic;18.130624
org.omp4j.benchmark.FibJOMP;48;1000;dynamic;16.734398
org.omp4j.benchmark.FibJOMP;1;20000;dynamic;0.970509
org.omp4j.benchmark.FibJOMP;2;20000;dynamic;1.973772
org.omp4j.benchmark.FibJOMP;3;20000;dynamic;2.993256
org.omp4j.benchmark.FibJOMP;4;20000;dynamic;4.051607
org.omp4j.benchmark.FibJOMP;5;20000;dynamic;4.969220
org.omp4j.benchmark.FibJOMP;6;20000;dynamic;5.874276
org.omp4j.benchmark.FibJOMP;7;20000;dynamic;7.068536
org.omp4j.benchmark.FibJOMP;8;20000;dynamic;6.996112
org.omp4j.benchmark.FibJOMP;9;20000;dynamic;9.052591
org.omp4j.benchmark.FibJOMP;10;20000;dynamic;9.208618
org.omp4j.benchmark.FibJOMP;11;20000;dynamic;10.737625
org.omp4j.benchmark.FibJOMP;12;20000;dynamic;11.984279
org.omp4j.benchmark.FibJOMP;13;20000;dynamic;12.264347
org.omp4j.benchmark.FibJOMP;14;20000;dynamic;13.857016
